krz,ort
A,kreisfreie Stadt Augsburg und Landkreis Augsburg
AA,Landkreis Aalen
AB,kreisfreie Stadt Aschaffenburg und Landkreis Aschaffenburg
ABG,Landkreis Altenburg
ABI,Landkreis Anhalt-Bitterfeld
AC,kreisfreie Stadt Aachen und Landkreis Aachen
AE,Landkreis Auerbach
AG,Helgoland
AH,Landkreis Ahaus
AIB,Landkreis Bad Aibling
AIC,Landkreis Aichach
AK,Landkreis Altenkirchen (Westerwald)
AL,Landkreis Altena
ALF,Landkreis Alfeld (Leine)
ALS,Landkreis Alsfeld
ALZ,Landkreis Alzenau in Unterfranken
AM,kreisfreie Stadt und Landkreis Amberg
AN,kreisfreie Stadt Ansbach und Landkreis Ansbach
ANA,Landkreis Annaberg
ANG,Landkreis Angermünde
ANK,Landkreis Anklam
AÖ,Landkreis Altötting
AP,Landkreis Weimarer Land
APD,Landkreis Apolda
AR,Landkreis Arnsberg
ARN,Landkreis Arnstadt
ART,Landkreis Artern
AS,Landkreis Amberg-Sulzbach
ASD,Landkreis Aschendorf-Hümmling
ASL,Landkreis Aschersleben
ASZ,Landkreis Aue-Schwarzenberg
AT,Landkreis Altentreptow
AU,Landkreis Aue
AUR,Landkreis Aurich (Ostfriesland)
AW,Landkreis Ahrweiler
AZ,Landkreis Alzey
AZE,Landkreis Anhalt-Zerbst
B,Berlin (West)
BA,kreisfreie Stadt Bamberg und Landkreis Bamberg
BAD,Stadtkreis Baden-Baden
BAR,Landkreis Barnim
BB,Landkreis Böblingen
BBG,Landkreis Bernburg
BC,Landkreis Biberach
BCH,Landkreis Buchen
BE,Landkreis Beckum
BED,Landkreis Brand-Erbisdorf
BEI,Landkreis Beilngries
BEL,Landkreis Belzig
BER,Landkreis Bernau
BF,Landkreis Steinfurt
BGD,Landkreis Berchtesgaden
BGL,Landkreis Berchtesgadener Land
BH,Landkreis Bühl
BI,kreisfreie Stadt Bielefeld und Landkreis Bielefeld
BID,Landkreis Biedenkopf
BIN,Landkreis Bingen
BIR,Landkreis Birkenfeld
BIT,Landkreis Bitburg
BIW,Landkreis Bischofswerda
BKI,Landkreis Backnang
BKII,Landkreis Börde
BKS,Landkreis Bernkastel
BL,Landkreis Balingen
BLB,Landkreis Wittgenstein
BLK,Burgenlandkreis
BM,Landkreis Bergheim (Erft)
BN,kreisfreie Stadt Bonn und Landkreis Bonn
BNA,Landkreis Borna
BO,kreisfreie Stadt Bochum
BÖ,Bördekreis
BOG,Landkreis Bogen
BOH,kreisfreie Stadt Bocholt
BOR,Landkreis Borken
BOT,kreisfreie Stadt Bottrop
BR,Landkreis Bruchsal
BRA,Landkreis Wesermarsch
BRB,kreisfreie Stadt Brandenburg an der Havel und Landkreis Brandenburg
BRG,Landkreis Burg
BRI,Landkreis Brilon
BRK,Landkreis Brückenau
BRL,Landkreis Blankenburg
BRV,Landkreis Bremervörde
BS,kreisfreie Stadt Braunschweig und Landkreis Braunschweig
BSB,Landkreis Bersenbrück
BSK,Landkreis Beeskow
BT,kreisfreie Stadt Bayreuth und Landkreis Bayreuth
BTF,Landkreis Bitterfeld
BU,Landkreis Burgdorf
BÜD,Landkreis Büdingen
BUL,Landkreis Burglengenfeld
BÜR,Landkreis Büren
BÜS,Gemeinde Büsingen am Hochrhein im Landkreis Konstanz
BÜZ,Landkreis Bützow
BZ,Landkreis Bautzen
BZA,Landkreis Bergzabern
C,kreisfreie Stadt Chemnitz und Landkreis Chemnitz
CA,Landkreis Calau
CAS,kreisfreie Stadt Castrop-Rauxel
CB,kreisfreie Stadt Cottbus und Landkreis Cottbus
CE,kreisfreie Stadt Celle und Landkreis Celle
CHA,Landkreis Cham
CLP,Landkreis Cloppenburg
CLZ,Landkreis Zellerfeld
CO 1,kreisfreie Stadt Coburg und Landkreis Coburg
COC,Landkreis Cochem
COE,Landkreis Coesfeld
CR,Landkreis Crailsheim
CUX,kreisfreie Stadt Cuxhaven
CW,Landkreis Calw
D,kreisfreie Stadt Düsseldorf und Landkreis Düsseldorf-Mettmann
DA,kreisfreie Stadt Darmstadt und Landkreis Darmstadt
DAH,Landkreis Dachau
DAN,Landkreis Lüchow-Dannenberg
DAU,Landkreis Daun
DBR,Landkreis Bad Doberan
DD,kreisfreie Stadt Dresden und Landkreis Dresden
DE,kreisfreie Stadt Dessau
DEG,kreisfreie Stadt Deggendorf und Landkreis Deggendorf
DEL,kreisfreie Stadt Delmenhorst
DGF,Landkreis Dingolfing
DH,Landkreis Grafschaft Diepholz
DI,Landkreis Dieburg
DIL,Dillkreis
DIN,Landkreis Dinslaken
DIZ,Unterlahnkreis
DKB,Landkreis Dinkelsbühl
DL,Landkreis Döbeln
DLG,kreisfreie Stadt Dillingen a.d.Donau und Landkreis Dillingen a.d.Donau
DM,Landkreis Demmin
DN,Landkreis Düren
DO,kreisfreie Stadt Dortmund
DON,Landkreis Donauwörth
DS,Landkreis Donaueschingen 
DT,Landkreis Detmold
DU,kreisfreie Stadt Duisburg
DUD,Landkreis Duderstadt
DÜW,Landkreis Bad Dürkheim
DW,Landkreis Dippoldiswalde
DZ,Landkreis Delitzsch
E,kreisfreie Stadt Essen
EA,kreisfreie Stadt Eisenach
EB,Landkreis Eilenburg
EBE,Landkreis Ebersberg
EBN,Landkreis Ebern
EBS,Landkreis Ebermannstadt
ECK,Kreis Eckernförde
ED,Landkreis Erding
EE,Landkreis Elbe-Elster
EF,kreisfreie Stadt Erfurt und Landkreis Erfurt
EG,Landkreis Eggenfelden
EH,kreisfreie Stadt Eisenhüttenstadt und Landkreis Eisenhüttenstadt
EHI,Landkreis Ehingen
EI,Landkreis Eichstätt
EIC,Landkreis Eichsfeld
EIH,kreisfreie Stadt Eichstätt und Landkreis Eichstätt
EIL,Landkreis Eisleben
EIN,Landkreis Einbeck
EIS,Landkreis Eisenberg
EL,Landkreis Emsland
EM,Landkreis Emmendingen
EMD,kreisfreie Stadt Emden
EMS,Rhein-Lahn-Kreis
EN,Ennepe-Ruhr-Kreis
ER,kreisfreie Stadt Erlangen und Landkreis Erlangen
ERB,Landkreis Erbach
ERH,Landkreis Erlangen-Höchstadt
ERK,Landkreis Erkelenz
ERZ,Erzgebirgskreis
ES,Landkreis Eßlingen
ESA,Landkreis Eisenach
ESB,Landkreis Eschenbach i.d.OPf.
ESW,Landkreis Eschwege
EU,Landkreis Euskirchen
EUT,Kreis Eutin
EW,Landkreis Eberswalde
F,kreisfreie Stadt Frankfurt am Main
FAL,Landkreis Fallingbostel
FB,Landkreis Friedberg in Hessen
FD,kreisfreie Stadt Fulda und Landkreis Fulda
FDB,Landkreis Friedberg in Bayern
FDS,Landkreis Freudenstadt
FEU,Landkreis Feuchtwangen
FF,kreisfreie Stadt Frankfurt (Oder)
FFB,Landkreis Fürstenfeldbruck
FG,Landkreis Freiberg
FH,Main-Taunus-Kreis
FI,Landkreis Finsterwalde
FKB,Landkreis Frankenberg
FL,kreisfreie Stadt Flensburg und Kreis Flensburg-Land
FLÖ,Landkreis Flöha
FN,Bodenseekreis
FO,kreisfreie Stadt Forchheim und Landkreis Forchheim
FOR,Landkreis Forst
FR,Stadtkreis Freiburg im Breisgau und Landkreis Freiburg
FRG,Landkreis Freyung-Grafenau
FRI,Landkreis Friesland
FRW,Landkreis Bad Freienwalde
FS,kreisfreie Stadt Freising und Landkreis Freising
FT,kreisfreie Stadt Frankenthal (Pfalz) und Landkreis Frankenthal (Pfalz)
FTL,Landkreis Freital
FÜ,kreisfreie Stadt Fürth und Landkreis Fürth
FÜS,Landkreis Füssen
FW,Landkreis Fürstenwalde
FZ,Landkreis Fritzlar-Homberg
G,kreisfreie Stadt Gera und Landkreis Gera
GA,Landkreis Gardelegen
GAN,Landkreis Gandersheim
GAP,Landkreis Garmisch-Partenkirchen
GC,Landkreis Glauchau
GD,Landkreis Schwäbisch Gmünd
GDB,Landkreis Gadebusch
GE,kreisfreie Stadt Gelsenkirchen
GEL,Landkreis Geldern
GEM,Landkreis Gemünden
GEO,Landkreis Gerolzhofen
GER,Landkreis Germersheim
GF,Landkreis Gifhorn
GG,Kreis Groß-Gerau
GHA,Landkreis Geithain
GHC,Landkreis Gräfenhainichen
GI,kreisfreie Stadt Gießen und Landkreis Gießen
GK,Selfkantkreis Geilenkirchen-Heinsberg
GL,Rheinisch-Bergischer Kreis
GLA,kreisfreie Stadt Gladbeck
GM,Oberbergischer Kreis
GMN,Landkreis Grimmen
GN,Landkreis Gelnhausen
GNT,Landkreis Genthin
GÖ,kreisfreie Stadt Göttingen und Landkreis Göttingen
GOA,Landkreis Sankt Goar
GOH,Landkreis Sankt Goarshausen
GP,Landkreis Göppingen
GR,kreisfreie Stadt Görlitz und Landkreis Görlitz
GRA,Landkreis Grafenau
GRH,Landkreis Großenhain
GRI,Landkreis Griesbach i.Rottal
GRM,Landkreis Grimma
GRS,Landkreis Gransee
GRZ,Landkreis Greiz
GS,kreisfreie Stadt Goslar und Landkreis Goslar
GT,Kreis Gütersloh
GTH,Landkreis Gotha
GÜ,Landkreis Güstrow
GUB,Landkreis Guben
GUN,Landkreis Gunzenhausen
GV,Landkreis Grevenbroich
GVM,Landkreis Grevesmühlen
GW,Landkreis Greifswald
GZ,kreisfreie Stadt Günzburg und Landkreis Günzburg
H,kreisfreie Stadt Hannover und Landkreis Hannover
HA,kreisfreie Stadt Hagen
HAB,Landkreis Hammelburg
HAL,kreisfreie Stadt Halle (Saale)
HAM,kreisfreie Stadt Hamm
HAS,Landkreis Haßfurt
HB,kreisfreie Stadt Bremen und kreisfreie Stadt Bremerhaven
HBN,Landkreis Hildburghausen
HBS,Landkreis Halberstadt
HC,Landkreis Hainichen
HCH,Landkreis Hechingen
HD,Stadtkreis Heidelberg und Landkreis Heidelberg
HDH,Landkreis Heidenheim
HDL,Landkreis Haldensleben
HE,Landkreis Helmstedt
HEB,Landkreis Hersbruck
HEF,Landkreis Hersfeld
HEI,Kreis Norderdithmarschen
HER,kreisfreie Stadt Herne
HET,Landkreis Hettstedt
HF,kreisfreie Stadt Herford und Landkreis Herford
HG,Obertaunuskreis
HGN,Landkreis Hagenow
HGW,Hansestadt Greifswald
HH,Hansestadt Hamburg
HHM,Landkreis Hohenmölsen
HI,kreisfreie Stadt Hildesheim und Landkreis Hildesheim-Marienburg
HIG,Landkreis Heiligenstadt
HIP,Landkreis Hilpoltstein
HK,Landkreis Heidekreis
HL,Hansestadt Lübeck
HM,kreisfreie Stadt Hameln und Landkreis Hameln-Pyrmont
HMÜ,Landkreis Münden
HN,Stadtkreis Heilbronn und Landkreis Heilbronn
HO,kreisfreie Stadt Hof und Landkreis Hof
HOG,Landkreis Hofgeismar
HOH,Landkreis Hofheim i.UFr.
HOL,Landkreis Holzminden
HOM,Landkreis Homburg
HOR,Landkreis Horb
HÖS,Landkreis Höchstadt a.d.Aisch
HOT,Landkreis Hohenstein-Ernstthal
HP,Landkreis Bergstraße
HR,Schwalm-Eder-Kreis
HRO,Hansestadt Rostock
HS,Kreis Heinsberg
HSK,Hochsauerlandkreis
HST,Hansestadt Stralsund und Landkreis Stralsund
HU,kreisfreie Stadt Hanau und Landkreis Hanau
HÜN,Landkreis Hünfeld
HUS,Landkreis Husum
HV,Landkreis Havelberg
HVL,Landkreis Havelland
HW,Landkreis Halle (Westfalen)
HWI,Hansestadt Wismar
HX,Landkreis Höxter
HY,Landkreis Hoyerswerda
HZI,Landkreis Herzberg
HZII,Landkreis Harz
IGB,Landkreis St. Ingbert
IK,Ilm-Kreis
IL,Landkreis Ilmenau
ILL,Landkreis Illertissen
IN,kreisfreie Stadt Ingolstadt und Landkreis Ingolstadt
IS,kreisfreie Stadt Iserlohn und Landkreis Iserlohn
IZ,Kreis Steinburg
J,kreisfreie Stadt Jena und Landkreis Jena
JB,Landkreis Jüterbog
JE,Landkreis Jessen
JEV,Landkreis Friesland
JL,Landkreis Jerichower Land
JÜL,Landkreis Jülich
K,kreisfreie Stadt Köln und Landkreis Köln
KA,Stadtkreis Karlsruhe und Landkreis Karlsruhe
KAR,Landkreis Karlstadt
KB,Landkreis Waldeck-Frankenberg
KC,Landkreis Kronach
KE,kreisfreie Stadt Kempten (Allgäu) und Landkreis Kempten (Allgäu)
KEH,Landkreis Kelheim
KEL,Landkreis Kehl
KEM,Landkreis Kemnath
KF,kreisfreie Stadt Kaufbeuren und Landkreis Kaufbeuren
KG,kreisfreie Stadt Bad Kissingen und Landkreis Bad Kissingen
KH,Landkreis Kreuznach
KI,kreisfreie Stadt Kiel
KIB,Landkreis Kirchheimbolanden
KK,Landkreis Kempen-Krefeld
KL,kreisfreie Stadt Kaiserslautern und Landkreis Kaiserslautern
KLE,Landkreis Kleve
KLZ,Landkreis Klötze
KM,Landkreis Kamenz
KN,Landkreis Konstanz
KO,kreisfreie Stadt Koblenz und Landkreis Koblenz
KÖN,Landkreis Königshofen i.Grabfeld
KÖT,Landkreis Köthen
KÖZ,Landkreis Kötzting
KR,kreisfreie Stadt Krefeld
KRU,Landkreis Krumbach (Schwaben)
KS,kreisfreie Stadt Kassel und Landkreis Kassel
KT,kreisfreie Stadt Kitzingen und Landkreis Kitzingen
KU,kreisfreie Stadt Kulmbach und Landkreis Kulmbach
KÜN,Landkreis Künzelsau
KUS,Landkreis Kusel
KW,Landkreis Königs Wusterhausen
KY,Landkreis Kyritz
KYF,Kyffhäuserkreis
LI,kreisfreie Stadt Lahn und Lahn-Dill-Kreis
LII,kreisfreie Stadt Leipzig und Landkreis Leipzig
LA,kreisfreie Stadt Landshut und Landkreis Landshut
LAN,Landkreis Landau a.d.Isar
LAT,Landkreis Lauterbach
LAU,Landkreis Lauf (Pegnitz)
LB,Landkreis Ludwigsburg
LBS,Landkreis Lobenstein
LBZ,Landkreis Lübz
LC,Landkreis Luckau
LD,kreisfreie Stadt Landau in der Pfalz und Landkreis Landau in der Pfalz
LDK,Lahn-Dill-Kreis
LDS,Landkreis Dahme-Spreewald
LE,Landkreis Lemgo
LEO,Landkreis Leonberg
LER,Landkreis Leer
LEV,kreisfreie Stadt Leverkusen
LF,Landkreis Laufen
LG,kreisfreie Stadt Lüneburg und Landkreis Lüneburg
LH,Landkreis Lüdinghausen
LIB,Landkreis Bad Liebenwerda
LIF,Landkreis Lichtenfels
LIN,Landkreis Lingen
LIP,Kreis Lippe
LK,Landkreis Lübbecke
LL,kreisfreie Stadt Landsberg a.Lech und Landkreis Landsberg a.Lech
LM,Landkreis Limburg
LN,Landkreis Lübben
LÖ,Landkreis Lörrach
LÖB,Landkreis Löbau
LOH,Landkreis Lohr a.Main
LOS,Landkreis Oder-Spree
LP,Landkreis Lippstadt
LR,Landkreis Lahr
LRO,Landkreis Rostock
LS,Märkischer Kreis
LSZ,Landkreis Langensalza
LU,kreisfreie Stadt Ludwigshafen am Rhein und Landkreis Ludwigshafen am Rhein
LÜD,kreisfreie Stadt Lüdenscheid
LUK,Landkreis Luckenwalde
LÜN,kreisfreie Stadt Lünen
LUP,Landkreis Ludwigslust-Parchim
LWL,Landkreis Ludwigslust
M,kreisfreie Stadt München und Landkreis München
MA,Stadtkreis Mannheim und Landkreis Mannheim
MAB,Landkreis Marienberg
MAI,Landkreis Mainburg
MAK,kreisfreie Stadt Marktredwitz
MAL,Landkreis Mallersdorf
MAR,Landkreis Marktheidenfeld
MB,Landkreis Miesbach
MC,Landkreis Malchin
MD,kreisfreie Stadt Magdeburg
ME,Kreis Mettmann
MED,Kreis Süderdithmarschen
MEG,Landkreis Melsungen
MEI,Landkreis Meißen
MEK,Mittlerer Erzgebirgskreis
MEL,Landkreis Melle
MEP,Landkreis Meppen
MER,Landkreis Merseburg
MES,Landkreis Meschede
MET,Landkreis Mellrichstadt
MG,kreisfreie Stadt M. Gladbach
MGH,Landkreis Mergentheim
MGN,Landkreis Meiningen
MH,kreisfreie Stadt Mülheim a.d.Ruhr
MHL,Landkreis Mühlhausen
MI,Landkreis Minden
MIL,Landkreis Miltenberg
MK,Märkischer Kreis
MKK,Main-Kinzig-Kreis ohne die Stadt Hanau
ML,Landkreis Mansfelder Land
MM,kreisfreie Stadt Memmingen und Landkreis Memmingen
MN,Landkreis Mindelheim
MO,Landkreis Moers
MOD,Landkreis Marktoberdorf
MOL,Landkreis Märkisch-Oderland
MON,Landkreis Monschau
MOS,Landkreis Mosbach
MQ,Landkreis Merseburg-Querfurt
MR,kreisfreie Stadt Marburg an der Lahn und Landkreis Marburg
MS,kreisfreie Stadt Münster und Landkreis Münster
MSE,Landkreis Mecklenburgische Seenplatte ohne die Stadt Neubrandenburg
MSH,Landkreis Mansfeld-Südharz
MSP,Landkreis Main-Spessart
MST,Landkreis Mecklenburg-Strelitz
MT,Unterwesterwaldkreis
MTK,Main-Taunus-Kreis
MTL,Muldentalkreis
MUC,kreisfreie Stadt München
MÜ,Landkreis Mühldorf
MÜB,Landkreis Münchberg
MÜL,Landkreis Müllheim
MÜN,Landkreis Münsingen
MÜR,Landkreis Müritz
MW,Landkreis Mittweida
MY,Landkreis Mayen
MYK,Landkreis Mayen-Koblenz
MZ,kreisfreie Stadt Mainz und Landkreis Mainz
MZG,Landkreis Merzig-Wadern
N,kreisfreie Stadt Nürnberg und Landkreis Nürnberg
NAB,Landkreis Nabburg
NAI,Landkreis Naila
NAU,Landkreis Nauen
NB,kreisfreie Stadt Neubrandenburg und Landkreis Neubrandenburg
ND,kreisfreie Stadt Neuburg a.d.Donau und Landkreis Neuburg a.d.Donau
NDH,Landkreis Nordhausen
NE,kreisfreie Stadt Neuß
NEA,Landkreis Neustadt a.d.Aisch
NEB,Landkreis Nebra
NEC 1,kreisfreie Stadt Neustadt b.Coburg
NEN,Landkreis Neunburg vorm Wald
NES,Landkreis Bad Neustadt a.d.Saale
NEU,Landkreis Neustadt
NEW,Landkreis Neustadt a.d.Waldnaab
NF,Kreis Nordfriesland
NHI,kreisfreie Stadt Neustadt an der Weinstraße und Landkreis Neustadt an der Weinstraße
NHII,Landkreis Neuhaus
NI,Landkreis Nienburg
NIB,Kreis Südtondern
NK,Stadt Neunkirchen im Landkreis Ottweiler
NM,kreisfreie Stadt Neumarkt i.d.OPf. und Landkreis Neumarkt i.d.OPf.
NMB,Landkreis Naumburg
NMS,kreisfreie Stadt Neumünster
NÖ,kreisfreie Stadt Nördlingen und Landkreis Nördlingen
NOH,Landkreis Grafschaft Bentheim
NOL,Niederschlesischer Oberlausitzkreis
NOM,Landkreis Northeim
NOR,Landkreis Norden
NP,Landkreis Neuruppin
NR,Landkreis Neuwied
NRÜ,Landkreis Neustadt am Rübenberge
NT,Landkreis Nürtingen
NU,kreisfreie Stadt Neu-Ulm und Landkreis Neu-Ulm
NVP,Landkreis Nordvorpommern
NWI,Landkreis Neuwied
NWII,kreisfreie Stadt Neustadt an der Weinstraße und Landkreis Neustadt an der Weinstraße
NWM,Landkreis Nordwestmecklenburg
NY,Landkreis Niesky
NZ,Landkreis Neustrelitz
OA,Landkreis Oberallgäu
OAL,Landkreis Ostallgäu
OB,kreisfreie Stadt Oberhausen
OBB,Landkreis Obernburg
OBG,Landkreis Osterburg
OC,Landkreis Oschersleben
OCH,Landkreis Ochsenfurt
OD,Kreis Stormarn
OE,Landkreis Olpe
OF,kreisfreie Stadt Offenbach am Main und Landkreis Offenbach
OG,Landkreis Offenburg
OH,Kreis Ostholstein
OHA,Landkreis Osterode am Harz
ÖHR,Landkreis Öhringen
OHV,Landkreis Oberhavel
OHZ,Landkreis Osterholz
OK,Ohrekreis
OL,kreisfreie Stadt Oldenburg (Oldenburg) und Landkreis Oldenburg
OLD,Kreis Oldenburg (Holstein)
OP,Rhein-Wupper-Kreis
OPR,Landkreis Ostprignitz-Ruppin
OR,Landkreis Oranienburg
OS,kreisfreie Stadt Osnabrück und Landkreis Osnabrück
OSL,Landkreis Oberspreewald-Lausitz
OTT,Landkreis Land Hadeln
OTW,Landkreis Ottweiler
OVI,Landkreis Oberviechtach
OVL,Landkreise Klingenthal und Oelsnitz (Obervogtland)
OVP,Landkreis Ostvorpommern
OZ,Landkreis Oschatz
P,kreisfreie Stadt Potsdam und Landkreis Potsdam
PA,kreisfreie Stadt Passau und Landkreis Passau
PAF,Landkreis Pfaffenhofen a.d.Ilm
PAN,Landkreis Pfarrkirchen
PAR,Landkreis Parsberg
PB,Landkreis Paderborn
PCH,Landkreis Parchim
PE,Landkreis Peine
PEG,Landkreis Pegnitz
PER,Landkreis Perleberg
PF,Stadtkreis Pforzheim und Landkreis Pforzheim
PI,Kreis Pinneberg
PIR,Landkreis Pirna
PK,Landkreis Pritzwalk
PL,kreisfreie Stadt Plauen und Landkreis Plauen
PLÖ,Kreis Plön
PM,Landkreis Potsdam-Mittelmark
PN,Landkreis Pößneck
PR,Landkreis Prignitz
PRÜ,Landkreis Prüm
PS,kreisfreie Stadt Pirmasens und Landkreis Pirmasens
PW,Landkreis Pasewalk
PZ,Landkreis Prenzlau
QFT,Landkreis Querfurt
QLB,Landkreis Quedlinburg
R,kreisfreie Stadt Regensburg und Landkreis Regensburg
RA,Landkreis Rastatt
RC,Landkreis Reichenbach
RD,Kreis Rendsburg
RDG,Landkreis Ribnitz-Damgarten
RE,kreisfreie Stadt Recklinghausen und Landkreis Recklinghausen
REG,Landkreis Regen
REH,Landkreis Rehau
REI,kreisfreie Stadt Bad Reichenhall
RG,Landkreis Riesa-Großenhain
RH,Landkreis Roth
RI,Landkreis Grafschaft Schaumburg
RID,Landkreis Riedenburg
RIE,Landkreis Riesa
RL,Landkreis Rochlitz
RM,Landkreis Röbel/Müritz
RN,Landkreis Rathenow
RO,kreisfreie Stadt Rosenheim und Landkreis Rosenheim
ROD,Landkreis Roding
ROF,Landkreis Rotenburg (Fulda)
ROH,Landkreis Rotenburg in Hannover
ROK,Landkreis Rockenhausen
ROL,Landkreis Rottenburg
ROS,Landkreis Rostock
ROT,kreisfreie Stadt Rothenburg ob der Tauber und Landkreis Rothenburg ob der Tauber
ROW,Landkreis Rotenburg (Wümme)
RP,Rhein-Pfalz-Kreis
RS,kreisfreie Stadt Remscheid
RSL,Landkreis Roßlau
RT,Landkreis Reutlingen
RU,Landkreis Rudolstadt
RÜD,Rheingaukreis
RÜG,Landkreis Rügen
RV,Landkreis Ravensburg
RW,Landkreis Rottweil
RY,kreisfreie Stadt Rheydt
RZ,Kreis Herzogtum Lauenburg
S,Stadtkreis Stuttgart
SAB,Landkreis Saarburg
SAD,kreisfreie Stadt Schwandorf
SÄK,Landkreis Säckingen
SAN,Landkreis Stadtsteinach
SAW,Landkreis Salzwedel
SB,kreisfreie Stadt Saarbrücken und Landkreis Saarbrücken
SBG,Landkreis Strasburg
SBK,Landkreis Schönebeck
SC,kreisfreie Stadt Schwabach und Landkreis Schwabach
SCZ,Landkreis Schleiz
SDH,Landkreis Sondershausen
SDL,Landkreis Stendal
SDT,kreisfreie Stadt Schwedt/Oder
SE,Kreis Segeberg
SEB,Landkreis Sebnitz
SEE,Landkreis Seelow
SEF,Landkreis Scheinfeld
SEL,kreisfreie Stadt Selb
SF,Landkreis Sonthofen
SFA,Landkreis Soltau-Fallingbostel
SFB,Landkreis Senftenberg
SFT,Landkreis Staßfurt
SG,kreisfreie Stadt Solingen
SGH,Landkreis Sangerhausen
SHA,Landkreis Schwäbisch Hall
SHG,Landkreis Schaumburg
SHK,Saale-Holzland-Kreis
SHL,kreisfreie Stadt Suhl und Landkreis Suhl
SI,kreisfreie Stadt Siegen und Landkreis Siegen
SIG,Landkreis Sigmaringen
SIM,Landkreis Simmern
SK,Saalkreis
SL,Kreis Schleswig
SLE,Landkreis Schleiden
SLF,Landkreis Saalfeld
SLG,Landkreis Saulgau
SLK,Landkreis Salzland
SLN,Landkreis Schmölln
SLS,Landkreis Saarlouis
SLÜ,Landkreis Schlüchtern
SLZ,Landkreis Bad Salzungen
SM,Landkreis Schmalkalden
SMÜ,Landkreis Schwabmünchen
SN,kreisfreie Stadt Schwerin und Landkreis Schwerin
SNH,Landkreis Sinsheim
SO,Landkreis Soest
SOB,Landkreis Schrobenhausen
SOG,Landkreis Schongau
SOK,Saale-Orla-Kreis
SOL,Landkreis Soltau
SÖM,Landkreis Sömmerda
SON,Landkreis Sonneberg
SP,kreisfreie Stadt Speyer und Landkreis Speyer
SPB,Landkreis Spremberg
SPN,Landkreis Spree-Neiße
SPR,Landkreis Springe
SR,kreisfreie Stadt Straubing und Landkreis Straubing
SRB,Landkreis Strausberg
SRO,Landkreis Stadtroda
STI,Landkreis Stade
STII,Kreis Steinfurt
STA,Landkreis Starnberg
STB,Landkreis Sternberg
STD,Landkreis Stade
STE,Landkreis Staffelstein
STH,Landkreis Schaumburg-Lippe
STL,Landkreis Stollberg
STO,Landkreis Stockach
SU,Siegkreis
SUL,Landkreis Sulzbach-Rosenberg
SÜW,Landkreis Südliche Weinstraße
SW,kreisfreie Stadt Schweinfurt und Landkreis Schweinfurt
SWA,Untertaunuskreis
SY,Landkreis Grafschaft Hoya
SZ,kreisfreie Stadt Salzgitter
SZB,Landkreis Schwarzenberg
TBB,Landkreis Tauberbischofsheim
TDO,Landkreis Nordsachsen
TE,Landkreis Tecklenburg
TET,Landkreis Teterow
TF,Landkreis Teltow-Fläming
TG,Landkreis Torgau
TIR,Landkreis Tirschenreuth
TO,Landkreis Torgau-Oschatz
TÖL,Landkreis Bad Tölz
TÖN,Kreis Eiderstedt
TP,Landkreis Templin
TR,kreisfreie Stadt Trier und Landkreis Trier
TS,kreisfreie Stadt Traunstein und Landkreis Traunstein
TT,Landkreis Tettnang
TÜ,Landkreis Tübingen
TUT,Landkreis Tuttlingen
ÜB,Landkreis Überlingen
UE,Landkreis Uelzen
UEM,Landkreis Ueckermünde
UER,Landkreis Uecker-Randow
UFF,Landkreis Uffenheim
UH,Unstrut-Hainich-Kreis
UL,Stadtkreis Ulm und Landkreis Ulm
UM,Landkreis Uckermark
UN,Landkreis Unna
USI,Landkreis Usingen
V,Vogtlandkreis
VAI,Landkreis Vaihingen
VB,Vogelsbergkreis
VEC,Landkreis Vechta
VER,Landkreis Verden
VG,Landkreis Vorpommern-Greifswald ohne die Stadt Greifswald
VIB,Landkreis Vilsbiburg
VIE,kreisfreie Stadt Viersen
VIT,Landkreis Viechtach
VK,Stadt Völklingen im Landkreis Saarbrücken
VL,Landkreis Villingen
VOF,Landkreis Vilshofen
VOH,Landkreis Vohenstrauß
VR,Landkreis Vorpommern-Rügen ohne die Stadt Stralsund
VS,Landkreis Villingen-Schwenningen
W,kreisfreie Stadt Wuppertal
WA,Landkreis Waldeck
WAF,Landkreis Warendorf
WAK,Wartburgkreis
WAN,kreisfreie Stadt Wanne-Eickel
WAR,Landkreis Warburg
WAT,kreisfreie Stadt Wattenscheid
WB,Landkreis Wittenberg
WBG,kreisfreie Stadt Wolfsburg
WBS,Landkreis Worbis
WD,Landkreis Wiedenbrück
WDA,Landkreis Werdau
WE,kreisfreie Stadt Weimar und Landkreis Weimar
WEB,Oberwesterwaldkreis
WEG,Landkreis Wegscheid
WEL,Oberlahnkreis
WEM,Landkreis Wesermünde
WEN,kreisfreie Stadt Weiden i.d.OPf.
WER,Landkreis Wertingen
WES,Landkreis Rees
WF,Landkreis Wolfenbüttel
WG,Landkreis Wangen
WHV,kreisfreie Stadt Wilhelmshaven
WI,kreisfreie Stadt Wiesbaden
WIL,Landkreis Wittlich
WIS,Landkreis Wismar
WIT,kreisfreie Stadt Witten
WIZ,Landkreis Witzenhausen
WK,Landkreis Wittstock
WL,Landkreis Harburg
WLG,Landkreis Wolgast
WM,Landkreis Weilheim
WMS,Landkreis Wolmirstedt
WN,Landkreis Waiblingen
WND,Landkreis Sankt Wendel
WO,kreisfreie Stadt Worms und Landkreis Worms
WOB,kreisfreie Stadt Wolfsburg
WOH,Landkreis Wolfhagen
WOL,Landkreis Wolfach
WOR,Landkreis Wolfratshausen
WOS,Landkreis Wolfstein
WR,Landkreis Wernigerode
WRN,Landkreis Waren
WS,Landkreis Wasserburg a.Inn
WSF,Landkreis Weißenfels
WST,Landkreis Ammerland
WSW,Landkreis Weißwasser
WT,Landkreis Waldshut
WTL,Landkreis Wittlage
WTM,Landkreis Wittmund
WÜ,kreisfreie Stadt Würzburg und Landkreis Würzburg
WUG,kreisfreie Stadt Weißenburg i.Bay. und Landkreis Weißenburg i.Bay.
WÜM,Landkreis Waldmünchen
WUN,Landkreis Wunsiedel
WUR,Landkreis Wurzen
WW,Westerwaldkreis
WZ,Landkreis Wetzlar
WZL,Landkreis Wanzleben
Z,kreisfreie Stadt Zwickau und Landkreis Zwickau
ZE,Landkreis Zerbst
ZEL,Landkreis Zell
ZI,Landkreis Zittau
ZIG,Landkreis Ziegenhain
ZP,Landkreis Zschopau
ZR,Landkreis Zeulenroda
ZS,Landkreis Zossen
ZW,kreisfreie Stadt Zweibrücken und Landkreis Zweibrücken
ZZ,Landkreis Zeitz
